FirstName,LastName
Bryce,Young
C.J.,Stroud
Anthony,Richardson
Will,Levis
Hendon,Hooker
Jake,Haener
Bijan,Robinson
Jahmyr,Gibbs
Zach,Charbonnet
Kendre,Miller
Tyjae,Spears
Jaxon,Smith-Njigba
Quentin,Johnston
Zay,Flowers
Jordan,Addison
Jonathan,Mingo
Jayden,Reed
Rashee,Rice
Marvin,Mims Jr.
Tank,Dell
Amon-Ra,St. Brown
Austin,Ekeler
Breece,Hall
CeeDee,Lamb
Chris,Olave
Dameon,Pierce
DeVonta,Smith
Drake,London
Garrett,Wilson
Jaylen,Waddle
Justin,Fields
Kenneth,Walker III
Kenny,Pickett
Kirk,Cousins
Lamar,Jackson
Nick,Chubb
Patrick,Mahomes
Rachaad,White
Rhamondre,Stevenson
Russell,Wilson
Saquon,Barkley
Stefon,Diggs
Tee,Higgins
Tony,Pollard
Travis,Etienne Jr.
Colt,McCoy
James,Conner
Keaontay,Ingram
Corey,Clement
Marquise,Brown
Rondale,Moore
Greg,Dortch
Michael,Wilson
Zach,Ertz
Trey,McBride
Matt,Prater
Isaiah,Simmons
Budda,Baker
Zaven,Collins
BJ,Ojulari
Desmond,Ridder
Taylor,Heinicke
Tyler,Allgeier
Cordarrelle,Patterson
Mack,Hollins
Kyle,Pitts
Jonnu,Smith
Younghoe,Koo
Jessie,Bates III
Jeff,Okudah
Grady,Jarrett
Zach,Harrison
Tyler,Huntley
J.K.,Dobbins
Gus,Edwards
Justice,Hill
Rashod,Bateman
Odell,Beckham Jr.
Devin,Duvernay
Nelson,Agholor
Mark,Andrews
Isaiah,Likely
Justin,Tucker
Roquan,Smith
Kyle,Hamilton
Trenton,Simpson
Marlon,Humphrey
Josh,Allen
Kyle,Allen
James,Cook
Damien,Harris
Latavius,Murray
Gabe,Davis
Khalil,Shakir
Dawson,Knox
Dalton,Kincaid
Tyler,Bass
Jordan,Poyer
Matt,Milano
Von,Miller
Andy,Dalton
Miles,Sanders
Chuba,Hubbard
Raheem,Blackshear
Adam,Thielen
DJ,Chark Jr.
Terrace,Marshall Jr.
Laviska,Shenault Jr.
Hayden,Hurst
Ian,Thomas
Tommy,Tremble
Eddy,Pineiro
Brian,Burns
Shaq,Thompson
Vonn,Bell
P.J.,Walker
D'Onta,Foreman
Khalil,Herbert
Roschon,Johnson
DJ,Moore
Darnell,Mooney
Chase,Claypool
Equanimeous,St. Brown
Cole,Kmet
Robert,Tonyan
Cairo,Santos
Jaquan,Brisker
Tremaine,Edmunds
Noah,Sewell
Eddie,Jackson
Gervon,Dexter Sr.
Joe,Burrow
Trevor,Siemian
Joe,Mixon
Chase,Brown
Trayveon,Williams
Chris,Evans
Ja'Marr,Chase
Tyler,Boyd
Trenton,Irwin
Irv,Smith Jr.
Drew,Sample
Evan,McPherson
Logan,Wilson
Dax,Hill
Myles,Murphy
Cam,Taylor-Britt
Deshaun,Watson
Joshua,Dobbs
Jerome,Ford
Demetric,Felton
Amari,Cooper
Elijah,Moore
Donovan,Peoples-Jones
Marquise,Goodwin
David,Njoku
Jordan,Akins
Cade,York
Myles,Garrett
Denzel,Ward
Siaki,Ika
Alex,Wright
Dak,Prescott
Cooper,Rush
Malik,Davis
Ronald,Jones II
Brandin,Cooks
Michael,Gallup
Jalen,Tolbert
Jake,Ferguson
Peyton,Hendershot
Luke,Schoonmaker
Tristan,Vizcaino
Micah,Parsons
Leighton,Vander Esch
Trevon,Diggs
Mazi,Smith
Jarrett,Stidham
Javonte,Williams
Samaje,Perine
Tony,Jones Jr.
Jerry,Jeudy
Courtland,Sutton
Marquez,Callaway
Greg,Dulcich
Albert,Okwuegbunam
Justin,Simmons
Drew,Sanders
Randy,Gregory
Pat,Surtain II
Jared,Goff
David,Montgomery
Craig,Reynolds
Marvin,Jones Jr.
Josh,Reynolds
Kalif,Raymond
Brock,Wright
Sam,LaPorta
C.J.,Gardner-Johnson
Aidan,Hutchinson
Brian,Branch
Jack,Campbell
Tracy,Walker
Jordan,Love
Sean,Clifford
Aaron,Jones
AJ,Dillon
Patrick,Taylor
Christian,Watson
Romeo,Doubs
Dontayvion,Wicks
Luke,Musgrave
Tucker,Kraft
Anders,Carlson
Quay,Walker
De'Vondre,Campbell
Jaire,Alexander
Lukas,Van Ness
Davis,Mills
Devin,Singletary
Robert,Woods
Nico,Collins
John,Metchie III
Noah,Brown
Dalton,Schultz
Ka'imi,Fairbairn
Will,Anderson Jr.
Denzel,Perryman
Desmond,King II
Derek,Stingley Jr.
Gardner,Minshew II
Jonathan,Taylor
Zack,Moss
Deon,Jackson
Michael,Pittman Jr.
Alec,Pierce
Josh,Downs
Isaiah,McKenzie
Jelani,Woods
Kylen,Granson
Mo,Alie-Cox
Matt,Gay
Shaquille,Leonard
DeForest,Buckner
Kwity,Paye
Jaylon,Jones
Trevor,Lawrence
C.J.,Beathard
Tank,Bigsby
JaMycal,Hasty
Christian,Kirk
Calvin,Ridley
Zay,Jones
Jamal,Agnew
Evan,Engram
Brenton,Strange
Brandon,McManus
Josh,Allen
Travon,Walker
Tyson,Campbell
Antonio,Johnson
Blaine,Gabbert
Isiah,Pacheco
Jerick,McKinnon
Clyde,Edwards-Helaire
Marquez,Valdes-Scantling
Kadarius,Toney
Skyy,Moore
Richie,James Jr.
Travis,Kelce
Noah,Gray
Harrison,Butker
Nick,Bolton
Chris,Jones
L'Jarius,Sneed
Felix,Anudike-Uzomah
Justin,Herbert
Easton,Stick
Max,Duggan
Joshua,Kelley
Isaiah,Spiller
Keenan,Allen
Mike,Williams
Joshua,Palmer
Jalen,Guyton
Gerald,Everett
Donald,Parham Jr.
Derwin,James Jr.
Joey,Bosa
Khalil,Mack
Tuli,Tuipulotu
Matthew,Stafford
Brett,Rypien
Stetson,Bennett
Cam,Akers
Kyren,Williams
Cooper,Kupp
Van,Jefferson
Ben,Skowronek
Tutu,Atwell
Tyler,Higbee
Tanner,Brown
Ernest,Jones
Aaron,Donald
Jordan,Fuller
Kobie,Turner
Byron,Young
Jimmy,Garoppolo
Brian,Hoyer
Josh,Jacobs
Zamir,White
Ameer,Abdullah
Davante,Adams
Jakobi,Meyers
Hunter,Renfrow
DeAndre,Carter
Austin,Hooper
Michael,Mayer
Daniel,Carlson
Maxx,Crosby
David,Long Jr.
Tyree,Wilson
Chandler,Jones
Tua,Tagovailoa
Mike,White
Raheem,Mostert
Jeff,Wilson Jr.
De'Von,Achane
Myles,Gaskin
Tyreek,Hill
Cedrick,Wilson Jr.
Robbie,Chosen
Braxton,Berrios
Durham,Smythe
Tyler,Kroft
Jason,Sanders
Christian,Wilkins
Jevon,Holland
Jalen,Ramsey
Cam,Smith
Nick,Mullens
Alexander,Mattison
Ty,Chandler
Justin,Jefferson
K.J.,Osborn
T.J.,Hockenson
Josh,Oliver
Greg,Joseph
Danielle,Hunter
Jordan,Hicks
Harrison,Smith
Mekhi,Blackmon
Mac,Jones
Bailey,Zappe
Pierre,Strong Jr.
JuJu,Smith-Schuster
DeVante,Parker
Tyquan,Thornton
Ty,Montgomery II
Kendrick,Bourne
Hunter,Henry
Mike,Gesicki
Chad,Ryland
Nick,Folk
Kyle,Dugger
Matthew,Judon
Marcus,Jones
Christian,Gonzalez
Derek,Carr
Jameis,Winston
Jamaal,Williams
Michael,Thomas
Rashid,Shaheed
Tre'Quan,Smith
Juwan,Johnson
Foster,Moreau
Taysom,Hill
Wil,Lutz
Cameron,Jordan
Tyrann,Mathieu
Bryan,Bresee
Marshon,Lattimore
Isaiah,Foskey
Daniel,Jones
Tyrod,Taylor
Matt,Breida
Isaiah,Hodgins
Darius,Slayton
Parris,Campbell
Jalin,Hyatt
Wan'Dale,Robinson
Sterling,Shepard
Darren,Waller
Daniel,Bellinger
Graham,Gano
Kayvon,Thibodeaux
Xavier,McKinney
Adoree',Jackson
Deonte,Banks
Aaron,Rodgers
Zach,Wilson
Michael,Carter
Allen,Lazard
Mecole,Hardman Jr.
Corey,Davis
Randall,Cobb
Tyler,Conklin
C.J.,Uzomah
Greg,Zuerlein
C.J.,Mosley
Quinnen,Williams
Will,McDonald IV
Sauce,Gardner
Jalen,Hurts
Marcus,Mariota
D'Andre,Swift
Rashaad,Penny
Kenneth,Gainwell
Boston,Scott
A.J.,Brown
Quez,Watkins
Olamide,Zaccheaus
Dallas,Goedert
Dan,Arnold
Jake,Elliott
Haason,Reddick
Josh,Sweat
Nolan,Smith
Darius,Slay
Mitch,Trubisky
Najee,Harris
Jaylen,Warren
Anthony,McFarland Jr.
Diontae,Johnson
George,Pickens
Allen,Robinson II
Calvin,Austin III
Pat,Freiermuth
Darnell,Washington
Chris,Boswell
T.J.,Watt
Minkah,Fitzpatrick
Cole,Holcomb
Joey,Porter Jr.
Geno,Smith
Drew,Lock
DeeJay,Dallas
DK,Metcalf
Tyler,Lockett
Dee,Eskridge
Noah,Fant
Will,Dissly
Jason,Myers
Jordyn,Brooks
Bobby,Wagner
Jamal,Adams
Derick,Hall
Brock,Purdy
Trey,Lance
Sam,Darnold
Christian,McCaffrey
Elijah,Mitchell
Jordan,Mason
Deebo,Samuel
Brandon,Aiyuk
Jauan,Jennings
Ray-Ray,McCloud III
George,Kittle
Cameron,Latu
Jake,Moody
Nick,Bosa
Dre,Greenlaw
Fred,Warner
Baker,Mayfield
Kyle,Trask
Chase,Edmonds
Ke'Shawn,Vaughn
Mike,Evans
Chris,Godwin
Russell,Gage
Cade,Otton
Payne,Durham
Chase,McLaughlin
Devin,White
Antoine,Winfield Jr.
Lavonte,David
Calijah,Kancey
Ryan,Tannehill
Malik,Willis
Derrick,Henry
Hassan,Haskins
Treylon,Burks
Nick,Westbrook-Ikhine
Kyle,Philips
Chris,Moore
Chig,Okonkwo
Josh,Whyle
Azeez,Al-Shaair
Jeffery,Simmons
Harold,Landry III
Sam,Howell
Jacoby,Brissett
Brian,Robinson Jr.
Antonio,Gibson
Terry,McLaurin
Jahan,Dotson
Curtis,Samuel
Dyami,Brown
Logan,Thomas
John,Bates
Joey,Slye
Daron,Payne
Jonathan,Allen
Chase,Young
Emmanuel,Forbes Jr.
DeAndre,Hopkins
